correct_answer,graph_rag_answer,is_graph_rag_answer_correct,graph_rag_answer_comment
A,A,True,
B,B,True,
A,B,False,
C,C,True,
B,B,True,
B,D,False,
A,A,True, GraphRAG gave an answer but did not provide the Answer Choice (A-B-C-D)
B,B,True,
C,No Answer,False, GraphRAG did not find enough information to provide an answer
D,D,True,
D,C,False,
D,D,True,
D,D,True,
B,B,True,
A,C,False,
C,C,True,
B,B,True,
D,D,True,
D,D,True, GraphRAG gave an answer but did not provide the Answer Choice (A-B-C-D)
C,C,True,
C,C,True,
C,C,True,
B,B,True,
B,C,False,
B,No answer,False, GraphRAG did not find enough information to provide an answer
C,A,False,
C,C,True,
A,A,True,
C,C,True, GraphRAG gave an answer but did not provide the Answer Choice (A-B-C-D)
B,B,True,
C,C,True,
A,B,False,
B,B,True, GraphRAG gave an answer but did not provide the Answer Choice (A-B-C-D)
B,D,False, GraphRAG gave an answer but did not provide the Answer Choice (A-B-C-D)
C,A,False,
C,No Answer,False, GraphRAG could not pick one correct answer
D,D,True,
C,C,True,
D,D,True,
C,C,True,
C,C,True, GraphRAG gave an answer but did not provide the Answer Choice (A-B-C-D)
C,C,True,
B,B,True,
C,C,True,
A,A,True,
C,D,False,
B,B,True, GraphRAG gave an answer but did not provide the Answer Choice (A-B-C-D)
C,C,True,
A,A,True,
C,C,True,
D,D,True,
D,D,True,
B,B,True,
B,B,True,
B,B,True, GraphRAG gave an answer but did not provide the Answer Choice (A-B-C-D)
D,B,False,
A,A,True,
C,C,True,
D,D,True,
D,No Answer,False, GraphRAG could not pick one correct answer
D,D,True,
C,C,True,
B,B,True,
C,C,True,
C,C,True,
B,B,True,
D,D,True,
C,C,True,
D,D,True,
B,B,True,
B,B,True,
A,A,True,
D,D,True,
A,B,False,
D,D,True,
C,C,True,
A,A,True,
A,A,True,
C,C,True,
D,D,True,
B,B,True,
B,B,True,
C,C,True,
B,B,True,
B,B,True,
C,C,True,
C,B,False,
C,C,True,
C,C,True,
A,A,True,
D,D,True,
B,B,True,
B,B,True,
D,D,True,
A,A,True,
C,C,True,
A,A,True,
C,A,False,
A,A,True,
C,C,True,
D,D,True,
D,D,True,
C,C,True,
B,D,False,
A,A,True,
C,C,True,
C,C,True,
D,C,False,
D,D,True,
A,A,True,
C,C,True,
C,C,True,
D,D,True,
A,A,True, GraphRAG gave an answer but did not provide the Answer Choice (A-B-C-D)
A,A,True,
B,B,True,
D,D,True,
B,B,True,
B,B,True,
D,D,True,
C,C,True, GraphRAG gave an answer but did not provide the Answer Choice (A-B-C-D)
B,B,True,
C,C,True, GraphRAG gave an answer but did not provide the Answer Choice (A-B-C-D)
B,B,True,
D,D,True,
B,B,True,
C,C,True,
C,C,True,
A,A,True,
A,No answer,False, GraphRAG could not pick one correct answer
A,A,True,
D,D,True,
A,A,True,
C,C,True, GraphRAG gave an answer but did not provide the Answer Choice (A-B-C-D)
D,D,True,
